,name,type,base_atk,base_hlth,last_atk,last_hlth,atk_mod,hlth_mod,eob_atk_mod,eob_hlth_mod,dmg_taken,abils,lvl,alignment,alignment_mod,base_cost,current_cost,owner,last_owner,position,zone,id,game,keyword_abils,flying,ranged,upgraded,upgrade_copies,eob_reverse_effects,token,modifiers,effects,inshop,origin,eob_revert_char,atk_target,attacking,death_from_attacking,trackers,init_trackers,slay_multiplier
0,Baby Dragon,['Dragon'],3,2,3,2,0,0,0,0,0,[],2,Neutral,[],2,2,,,,,,,['flying'],True,False,False,[],[],False,[],[],True,original,,,False,False,"{'Mirror_Mirror_respawn': 0, 'Croc_Bait_char': None, 'Peter_Pants_pump': 0}","{'Mirror_Mirror_respawn': 0, 'Croc_Bait_char': None, 'Peter_Pants_pump': 0}",1
1,Baby Root,['Treant'],0,3,0,3,0,0,0,0,0,[Baby Root support effect],2,Good,[],2,2,,,,,,,[],False,False,False,[],[],False,[],[],True,original,,,False,False,"{'Mirror_Mirror_respawn': 0, 'Croc_Bait_char': None, 'Peter_Pants_pump': 0}","{'Mirror_Mirror_respawn': 0, 'Croc_Bait_char': None, 'Peter_Pants_pump': 0}",1
2,Cat,['Animal'],1,1,1,1,0,0,0,0,0,[],1,Evil,[],2,2,,,,,,,[],False,False,False,[],[],True,[],[],False,original,,,False,False,"{'Mirror_Mirror_respawn': 0, 'Croc_Bait_char': None, 'Peter_Pants_pump': 0}","{'Mirror_Mirror_respawn': 0, 'Croc_Bait_char': None, 'Peter_Pants_pump': 0}",1
3,Black Cat,['Animal'],1,1,1,1,0,0,0,0,0,[Black Cat Death Effect],2,Evil,[],2,2,,,,,,,[],False,False,False,[],[],False,[],[],True,original,,,False,False,"{'Mirror_Mirror_respawn': 0, 'Croc_Bait_char': None, 'Peter_Pants_pump': 0}","{'Mirror_Mirror_respawn': 0, 'Croc_Bait_char': None, 'Peter_Pants_pump': 0}",1
4,B-a-a-d Billy Gruff,['Animal'],2,3,2,3,0,0,0,0,0,[],2,Evil,[],2,2,,,,,,,[],False,False,False,[],[],False,[],[],True,original,,,False,False,"{'Mirror_Mirror_respawn': 0, 'Croc_Bait_char': None, 'Peter_Pants_pump': 0}","{'Mirror_Mirror_respawn': 0, 'Croc_Bait_char': None, 'Peter_Pants_pump': 0}",1
5,Blind Mouse,['Animal'],2,2,2,2,0,0,0,0,0,[],2,Neutral,[],2,2,,,,,,,[],False,False,False,[],[],False,[],[],True,original,,,False,False,"{'Mirror_Mirror_respawn': 0, 'Croc_Bait_char': None, 'Peter_Pants_pump': 0}","{'Mirror_Mirror_respawn': 0, 'Croc_Bait_char': None, 'Peter_Pants_pump': 0}",1
6,Cinder-Ella,"['Princess', 'Mage']",2,2,2,2,0,0,0,0,0,[Cinder-ella Quest],2,Neutral,[],2,2,,,,,,,[],False,False,False,[],[],False,[],[],True,original,,,False,False,"{'Mirror_Mirror_respawn': 0, 'Croc_Bait_char': None, 'Peter_Pants_pump': 0}","{'Mirror_Mirror_respawn': 0, 'Croc_Bait_char': None, 'Peter_Pants_pump': 0}",1
7,Crafty,['Dwarf'],1,1,1,1,0,0,0,0,0,[Crafty Static Effect],2,Neutral,[],2,2,,,,,,,[],False,False,False,[],[],False,[Crafty Modifier],[],True,original,,,False,False,"{'Mirror_Mirror_respawn': 0, 'Croc_Bait_char': None, 'Peter_Pants_pump': 0}","{'Mirror_Mirror_respawn': 0, 'Croc_Bait_char': None, 'Peter_Pants_pump': 0}",1
8,Fanny,['Dwarf'],2,2,2,2,0,0,0,0,0,[Fanny support effect],2,Neutral,[],2,2,,,,,,,[],False,False,False,[],[],False,[],[],True,original,,,False,False,"{'Mirror_Mirror_respawn': 0, 'Croc_Bait_char': None, 'Peter_Pants_pump': 0}","{'Mirror_Mirror_respawn': 0, 'Croc_Bait_char': None, 'Peter_Pants_pump': 0}",1
9,Golden Chicken,['Animal'],2,2,2,2,0,0,0,0,0,[],2,Neutral,[],2,2,,,,,,,[],False,False,False,[],[],False,[],[],True,original,,,False,False,"{'Mirror_Mirror_respawn': 0, 'Croc_Bait_char': None, 'Peter_Pants_pump': 0}","{'Mirror_Mirror_respawn': 0, 'Croc_Bait_char': None, 'Peter_Pants_pump': 0}",1
10,Happy Little Tree,['Treant'],1,1,1,1,0,0,0,0,0,[Happy Little Tree Effect],2,Good,[],2,2,,,,,,,[],False,False,False,[],[],False,[],[],True,original,,,False,False,"{'Mirror_Mirror_respawn': 0, 'Croc_Bait_char': None, 'Peter_Pants_pump': 0}","{'Mirror_Mirror_respawn': 0, 'Croc_Bait_char': None, 'Peter_Pants_pump': 0}",1
11,Humpty Dumpty,['Egg'],7,7,7,7,0,0,0,0,0,[Humpty Dumpty Effect],2,Good,[],2,2,,,,,,,[],False,False,False,[],[],False,[],[],True,original,,,False,False,"{'Mirror_Mirror_respawn': 0, 'Croc_Bait_char': None, 'Peter_Pants_pump': 0}","{'Mirror_Mirror_respawn': 0, 'Croc_Bait_char': None, 'Peter_Pants_pump': 0}",1
12,Kitty Cutpurse,['Animal'],1,1,1,1,0,0,0,0,0,[Kitty Cutpurse Slay effect],2,Evil,[],2,2,,,,,,,[],False,False,False,[],[],False,[],[],True,original,,,False,False,"{'Mirror_Mirror_respawn': 0, 'Croc_Bait_char': None, 'Peter_Pants_pump': 0}","{'Mirror_Mirror_respawn': 0, 'Croc_Bait_char': None, 'Peter_Pants_pump': 0}",1
13,Labyrinth Minotaur,['Monster'],4,1,4,1,0,0,0,0,0,[Labyrinth Minotaur effect],2,Evil,[],2,2,,,,,,,[],False,False,False,[],[],False,[],[],True,original,,,False,False,"{'Mirror_Mirror_respawn': 0, 'Croc_Bait_char': None, 'Peter_Pants_pump': 0}","{'Mirror_Mirror_respawn': 0, 'Croc_Bait_char': None, 'Peter_Pants_pump': 0}",1
14,Frog Prince,"['Prince', 'Animal']",5,5,5,5,0,0,0,0,0,[],2,Good,[],2,2,,,,,,,[],False,False,False,[],[],False,[],[],False,original,,,False,False,"{'Mirror_Mirror_respawn': 0, 'Croc_Bait_char': None, 'Peter_Pants_pump': 0}","{'Mirror_Mirror_respawn': 0, 'Croc_Bait_char': None, 'Peter_Pants_pump': 0}",1
15,Lonely Prince,['Prince'],1,1,1,1,0,0,0,0,0,[Lonely Prince Effect],2,Good,[],2,2,,,,,,,[],False,False,False,[],[],False,[],[],True,original,,,False,False,"{'Mirror_Mirror_respawn': 0, 'Croc_Bait_char': None, 'Peter_Pants_pump': 0}","{'Mirror_Mirror_respawn': 0, 'Croc_Bait_char': None, 'Peter_Pants_pump': 0}",1
16,Mad Mim,['Mage'],0,3,0,3,0,0,0,0,0,[Mad Mim support effect],2,Evil,[],2,2,,,,,,,[],False,False,False,[],[],False,[],[],True,original,,,False,False,"{'Mirror_Mirror_respawn': 0, 'Croc_Bait_char': None, 'Peter_Pants_pump': 0}","{'Mirror_Mirror_respawn': 0, 'Croc_Bait_char': None, 'Peter_Pants_pump': 0}",1
17,Polywoggle,['Animal'],1,1,1,1,0,0,0,0,0,[Polywoggle Slay effect],2,Neutral,[],2,2,,,,,,,[],False,False,False,[],[],False,[],[],True,original,,,False,False,"{'Mirror_Mirror_respawn': 0, 'Croc_Bait_char': None, 'Peter_Pants_pump': 0}","{'Mirror_Mirror_respawn': 0, 'Croc_Bait_char': None, 'Peter_Pants_pump': 0}",1
18,Rainbow Unicorn,['Animal'],1,4,1,4,0,0,0,0,0,[Rainbow Unicorn effect],2,Good,[],2,2,,,,,,,[],False,False,False,[],[],False,[],[],True,original,,,False,False,"{'Mirror_Mirror_respawn': 0, 'Croc_Bait_char': None, 'Peter_Pants_pump': 0}","{'Mirror_Mirror_respawn': 0, 'Croc_Bait_char': None, 'Peter_Pants_pump': 0}",1
19,Tiny,['Dwarf'],6,1,6,1,0,0,0,0,0,[],2,Neutral,[],2,2,,,,,,,[],False,False,False,[],[],False,[],[],True,original,,,False,False,"{'Mirror_Mirror_respawn': 0, 'Croc_Bait_char': None, 'Peter_Pants_pump': 0}","{'Mirror_Mirror_respawn': 0, 'Croc_Bait_char': None, 'Peter_Pants_pump': 0}",1
20,Sherwood Sureshot,['Princess'],2,1,2,1,0,0,0,0,0,[],2,Good,[],2,2,,,,,,,['ranged'],False,True,False,[],[],False,[],[],True,original,,,False,False,"{'Mirror_Mirror_respawn': 0, 'Croc_Bait_char': None, 'Peter_Pants_pump': 0}","{'Mirror_Mirror_respawn': 0, 'Croc_Bait_char': None, 'Peter_Pants_pump': 0}",1
21,Wizard's Familiar,"['Animal', 'Mage']",1,1,1,1,0,0,0,0,0,[Wizards Familiar Effect],2,Neutral,[],2,2,,,,,,,[],False,False,False,[],[],False,[],[],True,original,,,False,False,"{'Mirror_Mirror_respawn': 0, 'Croc_Bait_char': None, 'Peter_Pants_pump': 0}","{'Mirror_Mirror_respawn': 0, 'Croc_Bait_char': None, 'Peter_Pants_pump': 0}",1
22,Brave Princess,['Princess'],4,3,4,3,0,0,0,0,0,[Brave Princess Quest],3,Good,[],3,3,,,,,,,[],False,False,False,[],[],False,[],[],True,original,,,False,False,"{'Mirror_Mirror_respawn': 0, 'Croc_Bait_char': None, 'Peter_Pants_pump': 0}","{'Mirror_Mirror_respawn': 0, 'Croc_Bait_char': None, 'Peter_Pants_pump': 0}",1
23,Darkwood Creeper,['Treant'],0,3,0,3,0,0,0,0,0,[Darkwood Creeper survive effect],3,Evil,[],3,3,,,,,,,[],False,False,False,[],[],False,[],[],True,original,,,False,False,"{'Mirror_Mirror_respawn': 0, 'Croc_Bait_char': None, 'Peter_Pants_pump': 0}","{'Mirror_Mirror_respawn': 0, 'Croc_Bait_char': None, 'Peter_Pants_pump': 0}",1
24,Dubly,['Dwarf'],1,1,1,1,0,0,0,0,0,[],3,Neutral,[],3,3,,,,,,,[],False,False,False,[],[],False,[],[],True,original,,,False,False,"{'Mirror_Mirror_respawn': 0, 'Croc_Bait_char': None, 'Peter_Pants_pump': 0}","{'Mirror_Mirror_respawn': 0, 'Croc_Bait_char': None, 'Peter_Pants_pump': 0}",1
25,Good Witch of the North,['Mage'],2,3,2,3,0,0,0,0,0,[Good Witch support effect],3,Good,[],3,3,,,,,,,[],False,False,False,[],[],False,[],[],True,original,,,False,False,"{'Mirror_Mirror_respawn': 0, 'Croc_Bait_char': None, 'Peter_Pants_pump': 0}","{'Mirror_Mirror_respawn': 0, 'Croc_Bait_char': None, 'Peter_Pants_pump': 0}",1
26,Lucky,['Dwarf'],3,2,3,2,0,0,0,0,0,[Lucky Death Effect],3,Neutral,[],3,3,,,,,,,[],False,False,False,[],[],False,[],[],True,original,,,False,False,"{'Mirror_Mirror_respawn': 0, 'Croc_Bait_char': None, 'Peter_Pants_pump': 0}","{'Mirror_Mirror_respawn': 0, 'Croc_Bait_char': None, 'Peter_Pants_pump': 0}",1
27,Ogre Princess,"['Princess', 'Monster']",3,2,3,2,0,0,0,0,0,[Ogre Princess Slay effect],3,Good,[],3,3,,,,,,,[],False,False,False,[],[],False,[],[],True,original,,,False,False,"{'Mirror_Mirror_respawn': 0, 'Croc_Bait_char': None, 'Peter_Pants_pump': 0}","{'Mirror_Mirror_respawn': 0, 'Croc_Bait_char': None, 'Peter_Pants_pump': 0}",1
28,Sheep,['Animal'],1,1,1,1,0,0,0,0,0,[],1,Good,[],2,2,,,,,,,[],False,False,False,[],[],True,[],[],False,original,,,False,False,"{'Mirror_Mirror_respawn': 0, 'Croc_Bait_char': None, 'Peter_Pants_pump': 0}","{'Mirror_Mirror_respawn': 0, 'Croc_Bait_char': None, 'Peter_Pants_pump': 0}",1
29,Sheep from upgraded,['Animal'],2,2,2,2,0,0,0,0,0,[],1,Good,[],2,2,,,,,,,[],False,False,False,[],[],True,[],[],False,original,,,False,False,"{'Mirror_Mirror_respawn': 0, 'Croc_Bait_char': None, 'Peter_Pants_pump': 0}","{'Mirror_Mirror_respawn': 0, 'Croc_Bait_char': None, 'Peter_Pants_pump': 0}",1
30,Princess Peep,['Princess'],1,1,1,1,0,0,0,0,0,[Princess Peep Death Effect],3,Good,[],3,3,,,,,,,[],False,False,False,[],[],False,[],[],True,original,,,False,False,"{'Mirror_Mirror_respawn': 0, 'Croc_Bait_char': None, 'Peter_Pants_pump': 0}","{'Mirror_Mirror_respawn': 0, 'Croc_Bait_char': None, 'Peter_Pants_pump': 0}",1
31,Princess Wight,['Princess'],1,3,1,3,0,0,0,0,0,"[Princess Wight Static Effect, Princess Wight Quest]",3,Evil,[],3,3,,,,,,,[],False,False,False,[],[],False,[Princess Wight Modifier],[],True,original,,,False,False,"{'Mirror_Mirror_respawn': 0, 'Croc_Bait_char': None, 'Peter_Pants_pump': 0}","{'Mirror_Mirror_respawn': 0, 'Croc_Bait_char': None, 'Peter_Pants_pump': 0}",1
32,Prized Pig,['Animal'],3,6,3,6,0,0,0,0,0,"[Prized Pig Last Breath Effect, Prized Pig End of Combat effect]",3,Neutral,[],3,3,,,,,,,[],False,False,False,[],[],False,[],[],True,original,,,False,False,"{'Mirror_Mirror_respawn': 0, 'Croc_Bait_char': None, 'Peter_Pants_pump': 0}","{'Mirror_Mirror_respawn': 0, 'Croc_Bait_char': None, 'Peter_Pants_pump': 0}",1
33,Queen of Hearts,['Queen'],1,3,1,3,0,0,0,0,0,[Queen of Hearts Death Effect],3,Evil,[],3,3,,,,,,,[],False,False,False,[],[],False,[],[],True,original,,,False,False,"{'Mirror_Mirror_respawn': 0, 'Croc_Bait_char': None, 'Peter_Pants_pump': 0}","{'Mirror_Mirror_respawn': 0, 'Croc_Bait_char': None, 'Peter_Pants_pump': 0}",1
34,Romeo,['Prince'],5,3,5,3,0,0,0,0,0,[Romeo Death Effect],3,Good,[],3,3,,,,,,,[],False,False,False,[],[],False,[],[],True,original,,,False,False,"{'Mirror_Mirror_respawn': 0, 'Croc_Bait_char': None, 'Peter_Pants_pump': 0}","{'Mirror_Mirror_respawn': 0, 'Croc_Bait_char': None, 'Peter_Pants_pump': 0}",1
35,Shadow Assassin,['Monster'],2,1,2,1,0,0,0,0,0,[Shadow Assassin Global Slay Effect],3,Evil,[],3,3,,,,,,,['ranged'],False,True,False,[],[],False,[],[],True,original,,,False,False,"{'Mirror_Mirror_respawn': 0, 'Croc_Bait_char': None, 'Peter_Pants_pump': 0}","{'Mirror_Mirror_respawn': 0, 'Croc_Bait_char': None, 'Peter_Pants_pump': 0}",1
36,Awakened Princess,['Princess'],8,8,8,8,0,0,0,0,0,[],3,Good,[],3,3,,,,,,,[],False,False,False,[],[],False,[],[],False,original,,,False,False,"{'Mirror_Mirror_respawn': 0, 'Croc_Bait_char': None, 'Peter_Pants_pump': 0}","{'Mirror_Mirror_respawn': 0, 'Croc_Bait_char': None, 'Peter_Pants_pump': 0}",1
37,Sleeping Princess,['Princess'],0,8,0,8,0,0,0,0,0,[Sleeping Princess Effect],3,Good,[],3,3,,,,,,,[],False,False,False,[],[],False,[],[],True,original,,,False,False,"{'Mirror_Mirror_respawn': 0, 'Croc_Bait_char': None, 'Peter_Pants_pump': 0}","{'Mirror_Mirror_respawn': 0, 'Croc_Bait_char': None, 'Peter_Pants_pump': 0}",1
38,Spell Weaver,['Mage'],1,3,1,3,0,0,0,0,0,[Spell Weaver Effect],3,Evil,[],3,3,,,,,,,[],False,False,False,[],[],False,[],[],True,original,,,False,False,"{'Mirror_Mirror_respawn': 0, 'Croc_Bait_char': None, 'Peter_Pants_pump': 0}","{'Mirror_Mirror_respawn': 0, 'Croc_Bait_char': None, 'Peter_Pants_pump': 0}",1
39,The White Stag,['Animal'],3,3,3,3,0,0,0,0,0,[White Stag attack effect],3,Good,[],3,3,,,,,,,[],False,False,False,[],[],False,[],[],True,original,,,False,False,"{'Mirror_Mirror_respawn': 0, 'Croc_Bait_char': None, 'Peter_Pants_pump': 0}","{'Mirror_Mirror_respawn': 0, 'Croc_Bait_char': None, 'Peter_Pants_pump': 0}",1
40,Trojan Donkey,['Animal'],2,6,2,6,0,0,0,0,0,[Trojan Donkey survive effect],3,Good,[],3,3,,,,,,,[],False,False,False,[],[],False,[],[],True,original,,,False,False,"{'Mirror_Mirror_respawn': 0, 'Croc_Bait_char': None, 'Peter_Pants_pump': 0}","{'Mirror_Mirror_respawn': 0, 'Croc_Bait_char': None, 'Peter_Pants_pump': 0}",1
41,Tweedle Dum,['Dwarf'],2,3,2,3,0,0,0,0,0,[],1,Neutral,[],2,2,,,,,,,[],False,False,False,[],[],True,[],[],False,original,,,False,False,"{'Mirror_Mirror_respawn': 0, 'Croc_Bait_char': None, 'Peter_Pants_pump': 0}","{'Mirror_Mirror_respawn': 0, 'Croc_Bait_char': None, 'Peter_Pants_pump': 0}",1
42,Tweedle Dee,['Dwarf'],3,2,3,2,0,0,0,0,0,[Tweedle Dee Death Effect],3,Neutral,[],3,3,,,,,,,[],False,False,False,[],[],False,[],[],True,original,,,False,False,"{'Mirror_Mirror_respawn': 0, 'Croc_Bait_char': None, 'Peter_Pants_pump': 0}","{'Mirror_Mirror_respawn': 0, 'Croc_Bait_char': None, 'Peter_Pants_pump': 0}",1
43,Vain-Pire,['Monster'],4,4,4,4,0,0,0,0,0,[Vain-Pire Slay effect],3,Evil,[],3,3,,,,,,,[],False,False,False,[],[],False,[],[],True,original,,,False,False,"{'Mirror_Mirror_respawn': 0, 'Croc_Bait_char': None, 'Peter_Pants_pump': 0}","{'Mirror_Mirror_respawn': 0, 'Croc_Bait_char': None, 'Peter_Pants_pump': 0}",1
44,Wicked Witch of the West,['Mage'],3,2,3,2,0,0,0,0,0,[Wicked Witch support effect],3,Evil,[],3,3,,,,,,,[],False,False,False,[],[],False,[],[],True,original,,,False,False,"{'Mirror_Mirror_respawn': 0, 'Croc_Bait_char': None, 'Peter_Pants_pump': 0}","{'Mirror_Mirror_respawn': 0, 'Croc_Bait_char': None, 'Peter_Pants_pump': 0}",1
45,Wretched Mummy,['Monster'],2,1,2,1,0,0,0,0,0,[Wretched Mummy Death Effect],3,Evil,[],3,3,,,,,,,[],False,False,False,[],[],False,[],[],True,original,,,False,False,"{'Mirror_Mirror_respawn': 0, 'Croc_Bait_char': None, 'Peter_Pants_pump': 0}","{'Mirror_Mirror_respawn': 0, 'Croc_Bait_char': None, 'Peter_Pants_pump': 0}",1
46,Bearded Vulture,['Animal'],3,3,3,3,0,0,0,0,0,[Bearded Vulture Death Effect],4,Evil,[],4,4,,,,,,,[],False,False,False,[],[],False,[],[],True,original,,,False,False,"{'Mirror_Mirror_respawn': 0, 'Croc_Bait_char': None, 'Peter_Pants_pump': 0}","{'Mirror_Mirror_respawn': 0, 'Croc_Bait_char': None, 'Peter_Pants_pump': 0}",1
47,Bossy,['Dwarf'],2,2,2,2,0,0,0,0,0,[Bossy effect],4,Neutral,[],4,4,,,,,,,[],False,False,False,[],[],False,[],[],True,original,,,False,False,"{'Mirror_Mirror_respawn': 0, 'Croc_Bait_char': None, 'Peter_Pants_pump': 0}","{'Mirror_Mirror_respawn': 0, 'Croc_Bait_char': None, 'Peter_Pants_pump': 0}",1
48,Broc Lee,['Treant'],0,15,0,15,0,0,0,0,0,[Broc Lee survive effect],4,Neutral,[],4,4,,,,,,,[],False,False,False,[],[],False,[],[],True,original,,,False,False,"{'Mirror_Mirror_respawn': 0, 'Croc_Bait_char': None, 'Peter_Pants_pump': 0}","{'Mirror_Mirror_respawn': 0, 'Croc_Bait_char': None, 'Peter_Pants_pump': 0}",1
49,Copycat,['Animal'],2,12,2,12,0,0,0,0,0,[Copycat attack effect],4,Neutral,[],4,4,,,,,,,[],False,False,False,[],[],False,[],[],True,original,,,False,False,"{'Mirror_Mirror_respawn': 0, 'Croc_Bait_char': None, 'Peter_Pants_pump': 0}","{'Mirror_Mirror_respawn': 0, 'Croc_Bait_char': None, 'Peter_Pants_pump': 0}",1
50,Court Wizard,['Mage'],4,2,4,2,0,0,0,0,0,[Court Wizard Death Effect],4,Good,[],4,4,,,,,,,['ranged'],False,True,False,[],[],False,[],[],True,original,,,False,False,"{'Mirror_Mirror_respawn': 0, 'Croc_Bait_char': None, 'Peter_Pants_pump': 0}","{'Mirror_Mirror_respawn': 0, 'Croc_Bait_char': None, 'Peter_Pants_pump': 0}",1
51,Fairy Godmother,['Fairy'],4,4,4,4,0,0,0,0,0,[Fairy Godmother Death Effect],4,Good,[],4,4,,,,,,,[],False,False,False,[],[],False,[],[],True,original,,,False,False,"{'Mirror_Mirror_respawn': 0, 'Croc_Bait_char': None, 'Peter_Pants_pump': 0}","{'Mirror_Mirror_respawn': 0, 'Croc_Bait_char': None, 'Peter_Pants_pump': 0}",1
52,Friendly Spirit,['Monster'],3,3,3,3,0,0,0,0,0,[Friendly Spirit Death Effect],4,Good,[],4,4,,,,,,,[],False,False,False,[],[],False,[],[],True,original,,,False,False,"{'Mirror_Mirror_respawn': 0, 'Croc_Bait_char': None, 'Peter_Pants_pump': 0}","{'Mirror_Mirror_respawn': 0, 'Croc_Bait_char': None, 'Peter_Pants_pump': 0}",1
53,Greedy,['Dwarf'],4,8,4,8,0,0,0,0,0,[Greedy survive effect],4,Neutral,[],4,4,,,,,,,[],False,False,False,[],[],False,[],[],True,original,,,False,False,"{'Mirror_Mirror_respawn': 0, 'Croc_Bait_char': None, 'Peter_Pants_pump': 0}","{'Mirror_Mirror_respawn': 0, 'Croc_Bait_char': None, 'Peter_Pants_pump': 0}",1
54,Heartwood Elder,['Treant'],5,7,5,7,0,0,0,0,0,[Heartwood Elder support effect],4,Neutral,[],4,4,,,,,,,[],False,False,False,[],[],False,[],[],True,original,,,False,False,"{'Mirror_Mirror_respawn': 0, 'Croc_Bait_char': None, 'Peter_Pants_pump': 0}","{'Mirror_Mirror_respawn': 0, 'Croc_Bait_char': None, 'Peter_Pants_pump': 0}",1
55,Hungry Hungry Hippocampus,['Animal'],10,1,10,1,0,0,0,0,0,"[Hungry Hungry Hippocampus Summon Effect, Hungry Hungry Hippocampus Player Effect]",4,Good,[],4,4,,,,,,,[],False,False,False,[],[],False,[],[],True,original,,,False,False,"{'Mirror_Mirror_respawn': 0, 'Croc_Bait_char': None, 'Peter_Pants_pump': 0}","{'Mirror_Mirror_respawn': 0, 'Croc_Bait_char': None, 'Peter_Pants_pump': 0}",1
56,Juliet,['Princess'],7,7,7,7,0,0,0,0,0,[],4,Good,[],4,4,,,,,,,[],False,False,False,[],[],False,[],[],True,original,,,False,False,"{'Mirror_Mirror_respawn': 0, 'Croc_Bait_char': None, 'Peter_Pants_pump': 0}","{'Mirror_Mirror_respawn': 0, 'Croc_Bait_char': None, 'Peter_Pants_pump': 0}",1
57,Lady of the Lake,['Mage'],3,3,3,3,0,0,0,0,0,[Lady of the Lake support effect],4,Good,[],4,4,,,,,,,[],False,False,False,[],[],False,[],[],True,original,,,False,False,"{'Mirror_Mirror_respawn': 0, 'Croc_Bait_char': None, 'Peter_Pants_pump': 0}","{'Mirror_Mirror_respawn': 0, 'Croc_Bait_char': None, 'Peter_Pants_pump': 0}",1
58,Lightning Dragon,['Dragon'],10,1,10,1,0,0,0,0,0,[Lightning Dragon triggered effect],4,Neutral,[],4,4,,,,,,,['flying'],True,False,False,[],[],False,[],[],True,original,,,False,False,"{'Mirror_Mirror_respawn': 0, 'Croc_Bait_char': None, 'Peter_Pants_pump': 0}","{'Mirror_Mirror_respawn': 0, 'Croc_Bait_char': None, 'Peter_Pants_pump': 0}",1
59,Statue,['Statue'],0,6,0,6,0,0,0,0,0,[],1,Neutral,[],1,1,,,,,,,[],False,False,False,[],[],True,[],[],False,original,,,False,False,"{'Mirror_Mirror_respawn': 0, 'Croc_Bait_char': None, 'Peter_Pants_pump': 0}","{'Mirror_Mirror_respawn': 0, 'Croc_Bait_char': None, 'Peter_Pants_pump': 0}",1
60,Medusa,['Monster'],3,3,3,3,0,0,0,0,0,[Medusa attack effect],4,Evil,[],4,4,,,,,,,[],False,False,False,[],[],False,[],[],True,original,,,False,False,"{'Mirror_Mirror_respawn': 0, 'Croc_Bait_char': None, 'Peter_Pants_pump': 0}","{'Mirror_Mirror_respawn': 0, 'Croc_Bait_char': None, 'Peter_Pants_pump': 0}",1
61,Prince Arthur,['Prince'],5,5,5,5,0,0,0,0,0,[Prince Arthur triggered effect],4,Good,[],4,4,,,,,,,[],False,False,False,[],[],False,[],[],True,original,,,False,False,"{'Mirror_Mirror_respawn': 0, 'Croc_Bait_char': None, 'Peter_Pants_pump': 0}","{'Mirror_Mirror_respawn': 0, 'Croc_Bait_char': None, 'Peter_Pants_pump': 0}",1
62,Puff Puff,['Puff Puff'],7,7,7,7,0,0,0,0,0,[Puff Puff Death Effect],4,Good,[],4,4,,,,,,,[],False,False,False,[],[],False,[],[],True,original,,,False,False,"{'Mirror_Mirror_respawn': 0, 'Croc_Bait_char': None, 'Peter_Pants_pump': 0}","{'Mirror_Mirror_respawn': 0, 'Croc_Bait_char': None, 'Peter_Pants_pump': 0}",1
63,Riverwish Mermaid,['Princess'],4,4,4,4,0,0,0,0,0,[Riverwish Mermaid support effect],4,Neutral,[],4,4,,,,,,,[],False,False,False,[],[],False,[],[],True,original,,,False,False,"{'Mirror_Mirror_respawn': 0, 'Croc_Bait_char': None, 'Peter_Pants_pump': 0}","{'Mirror_Mirror_respawn': 0, 'Croc_Bait_char': None, 'Peter_Pants_pump': 0}",1
64,Sheep,['Animal'],6,6,6,6,0,0,0,0,0,[],1,Evil,[],1,1,,,,,,,[],False,False,False,[],[],True,[],[],False,original,,,False,False,"{'Mirror_Mirror_respawn': 0, 'Croc_Bait_char': None, 'Peter_Pants_pump': 0}","{'Mirror_Mirror_respawn': 0, 'Croc_Bait_char': None, 'Peter_Pants_pump': 0}",1
65,Sheep in Wolf's Clothing,['Animal'],2,2,2,2,0,0,0,0,0,[Sheep in Wolf's Clothing Death Effect],4,Evil,[],4,4,,,,,,,[],False,False,False,[],[],False,[],[],True,original,,,False,False,"{'Mirror_Mirror_respawn': 0, 'Croc_Bait_char': None, 'Peter_Pants_pump': 0}","{'Mirror_Mirror_respawn': 0, 'Croc_Bait_char': None, 'Peter_Pants_pump': 0}",1
66,Soltak Ancient,['Treant'],0,20,0,20,0,0,0,0,0,[],4,Good,[],4,4,,,,,,,[],False,False,False,[],[],False,[],[],True,original,,,False,False,"{'Mirror_Mirror_respawn': 0, 'Croc_Bait_char': None, 'Peter_Pants_pump': 0}","{'Mirror_Mirror_respawn': 0, 'Croc_Bait_char': None, 'Peter_Pants_pump': 0}",1
67,Sporko,['Mage'],3,3,3,3,0,0,0,0,0,[Sporko support effect],4,Evil,[],4,4,,,,,,,[],False,False,False,[],[],False,[],[],True,original,,,False,False,"{'Mirror_Mirror_respawn': 0, 'Croc_Bait_char': None, 'Peter_Pants_pump': 0}","{'Mirror_Mirror_respawn': 0, 'Croc_Bait_char': None, 'Peter_Pants_pump': 0}",1
68,The Chupacabra,['Monster'],7,5,7,5,0,0,0,0,0,[The Chupacabra Slay effect],4,Evil,[],4,4,,,,,,,[],False,False,False,[],[],False,[],[],True,original,,,False,False,"{'Mirror_Mirror_respawn': 0, 'Croc_Bait_char': None, 'Peter_Pants_pump': 0}","{'Mirror_Mirror_respawn': 0, 'Croc_Bait_char': None, 'Peter_Pants_pump': 0}",1
69,The Nutcracker,"['Prince', 'Treant']",4,10,4,10,0,0,0,0,0,[The Nutcracker Quest],4,Good,[],4,4,,,,,,,[],False,False,False,[],[],False,[],[],True,original,,,False,False,"{'Mirror_Mirror_respawn': 0, 'Croc_Bait_char': None, 'Peter_Pants_pump': 0}","{'Mirror_Mirror_respawn': 0, 'Croc_Bait_char': None, 'Peter_Pants_pump': 0}",1
70,Angry,['Dwarf'],4,10,4,10,0,0,0,0,0,[Angry survive effect],5,Neutral,[],5,5,,,,,,,[],False,False,False,[],[],False,[],[],True,original,,,False,False,"{'Mirror_Mirror_respawn': 0, 'Croc_Bait_char': None, 'Peter_Pants_pump': 0}","{'Mirror_Mirror_respawn': 0, 'Croc_Bait_char': None, 'Peter_Pants_pump': 0}",1
71,Aon,['Mage'],6,12,6,12,0,0,0,0,0,"[Aon triggered effect, Aon Slay effect]",5,Evil,[],5,5,,,,,,,[],False,False,False,[],[],False,[],[],True,original,,,False,False,"{'Mirror_Mirror_respawn': 0, 'Croc_Bait_char': None, 'Peter_Pants_pump': 0}","{'Mirror_Mirror_respawn': 0, 'Croc_Bait_char': None, 'Peter_Pants_pump': 0}",1
72,Baba Yaga,['Monster'],3,6,3,6,0,0,0,0,0,[Baba Yaga pump support effect],5,Evil,[],5,5,,,,,,,[],False,False,False,[],[],False,[],[],True,original,,,False,False,"{'Mirror_Mirror_respawn': 0, 'Croc_Bait_char': None, 'Peter_Pants_pump': 0}","{'Mirror_Mirror_respawn': 0, 'Croc_Bait_char': None, 'Peter_Pants_pump': 0}",1
73,Papa Bear,['Animal'],4,4,4,4,0,0,0,0,0,[],1,Good,[],1,1,,,,,,,[],False,False,False,[],[],True,[],[],False,original,,,False,False,"{'Mirror_Mirror_respawn': 0, 'Croc_Bait_char': None, 'Peter_Pants_pump': 0}","{'Mirror_Mirror_respawn': 0, 'Croc_Bait_char': None, 'Peter_Pants_pump': 0}",1
74,Papa Bear from upgraded,['Animal'],8,8,8,8,0,0,0,0,0,[],1,Good,[],1,1,,,,,,,[],False,False,False,[],[],True,[],[],False,original,,,False,False,"{'Mirror_Mirror_respawn': 0, 'Croc_Bait_char': None, 'Peter_Pants_pump': 0}","{'Mirror_Mirror_respawn': 0, 'Croc_Bait_char': None, 'Peter_Pants_pump': 0}",1
75,Mama Bear,['Animal'],2,2,2,2,0,0,0,0,0,[Mama Bear Death Effect],1,Good,[],1,1,,,,,,,[],False,False,False,[],[],True,[],[],False,original,,,False,False,"{'Mirror_Mirror_respawn': 0, 'Croc_Bait_char': None, 'Peter_Pants_pump': 0}","{'Mirror_Mirror_respawn': 0, 'Croc_Bait_char': None, 'Peter_Pants_pump': 0}",1
76,Mama Bear from upgraded,['Animal'],4,4,4,4,0,0,0,0,0,[Mama Bear from upgraded Death Effect],1,Good,[],1,1,,,,,,,[],False,False,False,[],[],True,[],[],False,original,,,False,False,"{'Mirror_Mirror_respawn': 0, 'Croc_Bait_char': None, 'Peter_Pants_pump': 0}","{'Mirror_Mirror_respawn': 0, 'Croc_Bait_char': None, 'Peter_Pants_pump': 0}",1
77,Baby Bear,['Animal'],1,1,1,1,0,0,0,0,0,[Baby Bear Death Effect],5,Good,[],5,5,,,,,,,[],False,False,False,[],[],False,[],[],True,original,,,False,False,"{'Mirror_Mirror_respawn': 0, 'Croc_Bait_char': None, 'Peter_Pants_pump': 0}","{'Mirror_Mirror_respawn': 0, 'Croc_Bait_char': None, 'Peter_Pants_pump': 0}",1
78,Cupid,['Fairy'],1,10,1,10,0,0,0,0,0,[Cupid damage effect],5,Good,[],5,5,,,,,,,"['ranged', 'flying']",True,True,False,[],[],False,[],[],True,original,,,False,False,"{'Mirror_Mirror_respawn': 0, 'Croc_Bait_char': None, 'Peter_Pants_pump': 0}","{'Mirror_Mirror_respawn': 0, 'Croc_Bait_char': None, 'Peter_Pants_pump': 0}",1
79,Lancelot,"['Prince', 'Mage']",7,7,7,7,0,0,0,0,0,"[Lancelot Slay effect, Lancelot Quest]",5,Good,[],5,5,,,,,,,[],False,False,False,[],[],False,[],[],True,original,,,False,False,"{'Mirror_Mirror_respawn': 0, 'Croc_Bait_char': None, 'Peter_Pants_pump': 0}","{'Mirror_Mirror_respawn': 0, 'Croc_Bait_char': None, 'Peter_Pants_pump': 0}",1
80,Monster Book,['Monster'],10,4,10,4,0,0,0,0,0,[Monster Book Death Effect],5,Evil,[],5,5,,,,,,,[],False,False,False,[],[],False,[],[],True,original,,,False,False,"{'Mirror_Mirror_respawn': 0, 'Croc_Bait_char': None, 'Peter_Pants_pump': 0}","{'Mirror_Mirror_respawn': 0, 'Croc_Bait_char': None, 'Peter_Pants_pump': 0}",1
81,"Nian, Sea Terror",['Monster'],10,10,10,10,0,0,0,0,0,[],5,Evil,[],5,5,,,,,,,[],False,False,False,[],[],False,[],[],True,original,,,False,False,"{'Mirror_Mirror_respawn': 0, 'Croc_Bait_char': None, 'Peter_Pants_pump': 0}","{'Mirror_Mirror_respawn': 0, 'Croc_Bait_char': None, 'Peter_Pants_pump': 0}",1
82,Rotten Appletree,['Treant'],0,18,0,18,0,0,0,0,0,[Rotten Appletree attack effect],5,Evil,[],5,5,,,,,,,[],False,False,False,[],[],False,[],[],True,original,,,False,False,"{'Mirror_Mirror_respawn': 0, 'Croc_Bait_char': None, 'Peter_Pants_pump': 0}","{'Mirror_Mirror_respawn': 0, 'Croc_Bait_char': None, 'Peter_Pants_pump': 0}",1
83,Shoulder Faeries,['Fairy'],1,1,1,1,0,0,0,0,0,[Shoulder Faeries triggered effect],5,Neutral,[],5,5,,,,,,,[],False,False,False,[],[],False,[],[],True,original,,,False,False,"{'Mirror_Mirror_respawn': 0, 'Croc_Bait_char': None, 'Peter_Pants_pump': 0}","{'Mirror_Mirror_respawn': 0, 'Croc_Bait_char': None, 'Peter_Pants_pump': 0}",1
84,Southern Siren,['Monster'],10,10,10,10,0,0,0,0,0,[Southern Siren Slay effect],5,Evil,[],5,5,,,,,,,[],False,False,False,[],[],False,[],[],True,original,,,False,False,"{'Mirror_Mirror_respawn': 0, 'Croc_Bait_char': None, 'Peter_Pants_pump': 0}","{'Mirror_Mirror_respawn': 0, 'Croc_Bait_char': None, 'Peter_Pants_pump': 0}",1
85,Wombats in Disguise,['Animal'],4,4,4,4,0,0,0,0,0,[Wombats in Disguise Death Effect],5,Neutral,[],5,5,,,,,,,[],False,False,False,[],[],False,[],[],True,original,,,False,False,"{'Mirror_Mirror_respawn': 0, 'Croc_Bait_char': None, 'Peter_Pants_pump': 0}","{'Mirror_Mirror_respawn': 0, 'Croc_Bait_char': None, 'Peter_Pants_pump': 0}",1
86,Ashwood Elm,['Treant'],0,20,0,20,0,0,0,0,0,[Ashwood Elm triggered effect],6,Evil,[],6,6,,,,,,,[],False,False,False,[],[],False,[],[],True,original,,,False,False,"{'Mirror_Mirror_respawn': 0, 'Croc_Bait_char': None, 'Peter_Pants_pump': 0}","{'Mirror_Mirror_respawn': 0, 'Croc_Bait_char': None, 'Peter_Pants_pump': 0}",1
87,Bearstein,['Animal'],5,8,5,8,0,0,0,0,0,"[Bearstein effect, Bearstein Summon Effect]",6,Good,[],6,6,,,,,,,[],False,False,False,[],[],False,[],[],True,original,,,False,False,"{'Mirror_Mirror_respawn': 0, 'Croc_Bait_char': None, 'Peter_Pants_pump': 0}","{'Mirror_Mirror_respawn': 0, 'Croc_Bait_char': None, 'Peter_Pants_pump': 0}",1
88,Doombreath,['Dragon'],10,6,10,6,0,0,0,0,0,[Doombreath damage effect],6,Evil,[],6,6,,,,,,,[],False,False,False,[],[],False,[],[],True,original,,,False,False,"{'Mirror_Mirror_respawn': 0, 'Croc_Bait_char': None, 'Peter_Pants_pump': 0}","{'Mirror_Mirror_respawn': 0, 'Croc_Bait_char': None, 'Peter_Pants_pump': 0}",1
89,Echowood,['Treant'],1,1,1,1,0,0,0,0,0,[Echowood attack effect],6,Neutral,[],6,6,,,,,,,[],False,False,False,[],[],False,[],[],True,original,,,False,False,"{'Mirror_Mirror_respawn': 0, 'Croc_Bait_char': None, 'Peter_Pants_pump': 0}","{'Mirror_Mirror_respawn': 0, 'Croc_Bait_char': None, 'Peter_Pants_pump': 0}",1
90,Good Boy,['Animal'],2,2,2,2,0,0,0,0,0,[Good Boy Death Effect],6,Good,[],6,6,,,,,,,[],False,False,False,[],[],False,[],[],True,original,,,False,False,"{'Mirror_Mirror_respawn': 0, 'Croc_Bait_char': None, 'Peter_Pants_pump': 0}","{'Mirror_Mirror_respawn': 0, 'Croc_Bait_char': None, 'Peter_Pants_pump': 0}",1
91,Great Pumpkin King,['Monster'],5,5,5,5,0,0,0,0,0,[Great Pumpkin King Death Effect],6,Evil,[],6,6,,,,,,,[],False,False,False,[],[],False,[],[],True,original,,,False,False,"{'Mirror_Mirror_respawn': 0, 'Croc_Bait_char': None, 'Peter_Pants_pump': 0}","{'Mirror_Mirror_respawn': 0, 'Croc_Bait_char': None, 'Peter_Pants_pump': 0}",1
92,Grumblegore,['Monster'],10,5,10,5,0,0,0,0,0,[Grumblegore support effect],6,Evil,[],6,6,,,,,,,['ranged'],False,True,False,[],[],False,[],[],True,original,,,False,False,"{'Mirror_Mirror_respawn': 0, 'Croc_Bait_char': None, 'Peter_Pants_pump': 0}","{'Mirror_Mirror_respawn': 0, 'Croc_Bait_char': None, 'Peter_Pants_pump': 0}",1
93,Hercules,['Prince'],20,20,20,20,0,0,0,0,0,[Hercules Quest],6,Good,[],6,6,,,,,,,[],False,False,False,[],[],False,[],[],True,original,,,False,False,"{'Mirror_Mirror_respawn': 0, 'Croc_Bait_char': None, 'Peter_Pants_pump': 0}","{'Mirror_Mirror_respawn': 0, 'Croc_Bait_char': None, 'Peter_Pants_pump': 0}",1
94,Jormungand,['Monster'],20,20,20,20,0,0,0,0,0,[Jormungand Slay effect],6,Neutral,[],6,6,,,,,,,[],False,False,False,[],[],False,[],[],True,original,,,False,False,"{'Mirror_Mirror_respawn': 0, 'Croc_Bait_char': None, 'Peter_Pants_pump': 0}","{'Mirror_Mirror_respawn': 0, 'Croc_Bait_char': None, 'Peter_Pants_pump': 0}",1
95,Lordy,['Dwarf'],7,7,7,7,0,0,0,0,0,[Lordy triggered effect],6,Neutral,[],6,6,,,,,,,[],False,False,False,[],[],False,[],[],True,original,,,False,False,"{'Mirror_Mirror_respawn': 0, 'Croc_Bait_char': None, 'Peter_Pants_pump': 0}","{'Mirror_Mirror_respawn': 0, 'Croc_Bait_char': None, 'Peter_Pants_pump': 0}",1
96,Robin Wood,['Treant'],7,10,7,10,0,0,0,0,0,[Robin Wood triggered effect],6,Good,[],6,6,,,,,,,[],False,False,False,[],[],False,[],[],True,original,,,False,False,"{'Mirror_Mirror_respawn': 0, 'Croc_Bait_char': None, 'Peter_Pants_pump': 0}","{'Mirror_Mirror_respawn': 0, 'Croc_Bait_char': None, 'Peter_Pants_pump': 0}",1
97,The Green Knight,['Treant'],10,30,10,30,0,0,0,0,0,[The Green Knight support effect],6,Good,[],6,6,,,,,,,[],False,False,False,[],[],False,[],[],True,original,,,False,False,"{'Mirror_Mirror_respawn': 0, 'Croc_Bait_char': None, 'Peter_Pants_pump': 0}","{'Mirror_Mirror_respawn': 0, 'Croc_Bait_char': None, 'Peter_Pants_pump': 0}",1
98,The Oni King,['Monster'],13,13,13,13,0,0,0,0,0,[The Oni King attack effect],6,Evil,[],6,6,,,,,,,[],False,False,False,[],[],False,[],[],True,original,,,False,False,"{'Mirror_Mirror_respawn': 0, 'Croc_Bait_char': None, 'Peter_Pants_pump': 0}","{'Mirror_Mirror_respawn': 0, 'Croc_Bait_char': None, 'Peter_Pants_pump': 0}",1
99,The Storm King,['Mage'],2,2,2,2,0,0,0,0,0,[The Storm King Static Effect],6,Neutral,[],6,6,,,,,,,[],False,False,False,[],[],False,[The Storm King Modifier],[],True,original,,,False,False,"{'Mirror_Mirror_respawn': 0, 'Croc_Bait_char': None, 'Peter_Pants_pump': 0}","{'Mirror_Mirror_respawn': 0, 'Croc_Bait_char': None, 'Peter_Pants_pump': 0}",1
100,Evil Pig,['Animal'],5,5,5,5,0,0,0,0,0,[],1,Evil,[],1,1,,,,,,,[],False,False,False,[],[],True,[],[],False,original,,,False,False,"{'Mirror_Mirror_respawn': 0, 'Croc_Bait_char': None, 'Peter_Pants_pump': 0}","{'Mirror_Mirror_respawn': 0, 'Croc_Bait_char': None, 'Peter_Pants_pump': 0}",1
101,Evil Pig from upgraded,['Animal'],10,10,10,10,0,0,0,0,0,[],1,Evil,[],1,1,,,,,,,[],False,False,False,[],[],True,[],[],False,original,,,False,False,"{'Mirror_Mirror_respawn': 0, 'Croc_Bait_char': None, 'Peter_Pants_pump': 0}","{'Mirror_Mirror_respawn': 0, 'Croc_Bait_char': None, 'Peter_Pants_pump': 0}",1
102,Three Big Pigs,['Animal'],15,15,15,15,0,0,0,0,0,[Three Big Pigs Death Effect],6,Evil,[],6,6,,,,,,,[],False,False,False,[],[],False,[],[],True,original,,,False,False,"{'Mirror_Mirror_respawn': 0, 'Croc_Bait_char': None, 'Peter_Pants_pump': 0}","{'Mirror_Mirror_respawn': 0, 'Croc_Bait_char': None, 'Peter_Pants_pump': 0}",1
103,Pigomorph Pig,['Animal'],10,10,10,10,0,0,0,0,0,[],1,Neutral,[],1,1,,,,,,,[],False,False,False,[],[],True,[],[],False,original,,,False,False,"{'Mirror_Mirror_respawn': 0, 'Croc_Bait_char': None, 'Peter_Pants_pump': 0}","{'Mirror_Mirror_respawn': 0, 'Croc_Bait_char': None, 'Peter_Pants_pump': 0}",1
104,Captain Croc,['Animal'],10,10,10,10,0,0,0,0,0,[Captain Croc Last Breath Effect],6,Evil,[],6,6,,,,,,,[],False,False,False,[],[],False,[],[],False,original,,,False,False,"{'Mirror_Mirror_respawn': 0, 'Croc_Bait_char': None, 'Peter_Pants_pump': 0}","{'Mirror_Mirror_respawn': 0, 'Croc_Bait_char': None, 'Peter_Pants_pump': 0}",1
